{
    "loss": 3.214495897293091,
    "accuracy": 0.5827338099479675
}